name;product_link;tags;descriptions;pricing_types;price;platforms
AI Landing Page Builder;https://staging.website.ddevi.com/;Web & App Dev;Devi AI Landing Page Builder is an innovative AI-driven platform that enables users to swiftly create and launch websites without the hassle of traditional design processes. With a focus on ease and speed, Devi streamlines the experience of designing, editing, and deploying websites with its advanced features.AI Design & Copy:Generate websites and landing pages in mere seconds using advanced AI design and content creation capabilitiesAnalytics & Insights:Gain a clear understanding of website performance and user interactions through integrated analyticsSEO Optimized & A/B Testing:Ensure the best visibility on search engines and optimize for conversions with built-in A/B testing toolsFree Image & Video Library:Access a vast library of images and videos, enhancing the visual appeal and engagement of your site;Freemium;;Web
AI Poem Generator;https://poemgenerator.app/;Free AI Tools, Writing;AI Poem Generator is an innovative tool that leverages AI to produce unique and captivating poetry based on a user’s inputs. The tool utilizes Natural Language Processing (NLP), machine learning algorithms, deep learning, and several text generation models to create poetry in various styles, offering a user-friendly experience for all, regardless of artistic or coding abilities.Prompt-Based AI Generation:Users can input specific themes or words, prompting the AI to craft personalized poems that are rich with users’ creative ideas.Customize Your Creations:Users can refine and adjust each verse to reflect their unique style and expression.Various Poem Styles:The tool offers different styles, including Haiku, Sonnet, Free Verse, and others, providing a versatile poetry creation experience.Different Poem Sizes:The AI Poem Generator caters to different needs and writing styles, offering options for short, medium, and long poems.;Free;;
AI Signature Generator;https://ai-signature-generator.compromath.com/;Free AI Tools, Graphic Design;AI-Powered FREE Handwritten Signature Generator enables users to create a personalized digital signature with the help of AI-powered algorithms. With a simple 2-minute setup, users can generate a signature that truly reflects their individual style and seamlessly integrates into any digital context.AI Enhancement:Advanced AI algorithms refine and enhance the signature to create a polished and professional lookTransparent Background:Generated signatures come with a transparent background to allow for seamless integration into any digital documentWide Range of Use Cases:Simplify team meetings, automate reporting, create no-code dashboards, and manage personal productivityCompatibility:Generated signatures are compatible with a wide range of digital platforms and applications;Free;;Web
Audit Landin Page;https://audit.landin.page/;Digital Marketing, Web & App Dev;Audit Landin Page is an AI-powered tool that leverages the insights of behavioral science, decision science, and psychology to optimize your landing page copy for better conversions. Here are its key features:Behavioral Science Insights:The tool provides insights from 200+ cognitive biases and behavioral sciences to enhance your landing page copy.Conversion Boost:It helps boost your landing page conversions by crafting compelling and persuasive messaging.Behavioral Effect Utilization:You can apply behavioral effects and cognitive biases like confirmation bias and social proof to influence your visitors positively.Cost-Effective:Audit Landin Page offers valuable insights at an affordable cost of just $2, making it accessible to marketers and makers.;Paid;$2;Web
Blue Strawberry;https://bluestrawberry.app;Digital Marketing, Social Media;Blue Strawberry is a powerful AI-assisted tool that simplifies social media marketing by generating creative content and scheduling posts. It turns your website and blog content into engaging social media posts, eliminating the time and effort typically spent on ‘social chores’.Content Generation:Transforms website, blogs and vlogs content into engaging social postsScheduling:Pre-schedules posts on Instagram, Facebook, LinkedIn, Twitter, and Pinterest to maintain a consistent online presenceReal-time tracking:Users can track the performance of their posts in real-time to gauge effectivenessFlexibility and Ease:Users can easily confirm their posting schedule, confirm hashtags, amend, replace, and approve all captions created by the AI;Paid;From $45/mo;Web
Chapple;https://chapple.ai/;Art & Image Generation, Chatbot, Programming, Writing;Chapple is a comprehensive AI tool that enables users to generate AI content in various forms, such as text, image, code, and chat, without the need for extensive coding knowledge. With Chapple, users can streamline their creative process, save time, and unlock new possibilities for content generation.Multi-Lingual AI Content Generation:Generate content in different languages, including text, image, code, and chatCustom Templates:Access unlimited custom prompts and templates for personalized content generationIntuitive Interface:Edit, export, and publish your AI-generated results easily with a user-friendly interfaceIntegration with AI Models:Powered by popular AI models such as GPT, Dall-E, and Ada for enhanced content generation capabilities;Free Trial;Paid Plans from $19.99/mo;Web
Create;https://www.create.xyz;Web & App Dev;Create, Inc. offers an AI-powered tool that enables users to develop applications effortlessly and quickly. With this tool, users can design a wide range of apps within two minutes without any coding requirements.Speedy App Creation:Create different types of apps such as iOS Style Calculator, Sign Up Page, and Rich Text Editor in less than 2 minutes.No Coding Knowledge Required:Use the power of AI to develop full-fledged apps without needing any code.Varied App Templates:Get access to an array of modern app templates like a Pricing Page, App Menu, and Modern Dropdown UI Profile.Discord Support:Join a supportive community on Discord for help and guidance during your app development journey.;Contact for Pricing;;
Image upscaler AI;https://imageupscalerai.com/;Graphic Design, Photo Editing;ImageUpscalerAI is an AI-powered tool that enables users to quickly and easily upscale images with just a few clicks. With this tool, users can upscalre photos, cartoons, images, and more with the help of advanced artificial intelligence.Image Upscaling:Upscale photos, cartoons, images, and more with the help of advanced artificial intelligenceDrag and Drop:Easily upload images and drag and drop them directly into the toolFaces:Fix faces in images to make them look more realisticSubscription Plans:Choose from various subscription plans, with no conversion limit and unlimited image editing;Freemium;Paid Plans from $5;API, Web
Kapwing AI Video Generator;https://www.kapwing.com/ai;Digital Marketing, Graphic Design, Video & Animation;Kapwing AI allows users to generate and edit videos from text prompts. Equipped with features like automatic trimming, smart subtitling, and video enhancement abilities, this AI platform brings numerous capabilities right at your fingertips.AI Video Editing:Enhance, trim, and generate videos using the cutting-edge AI editing tool that allows users to create professional, high-quality content with ease.Text-Based Video Editor:Edit your videos by modifying the text transcript, allowing for precision and convenience in the editing process.AI Video Generation:Generate stylized summary videos about any topic for social media, create original images from text prompts, and convert long-form documents into video summaries.Smart Features:Utilize smart features like automated content trimming, background removal, text to speech, and automatic subtitle generation for a smoother, more efficient editing workflow.;Freemium;;Web
Lightrail;https://www.lightrail.ai/;Free AI Tools, Productivity, Programming;Lightrail alpha is a Universal AI Command Bar that simplifies software development by allowing users to pull data from running applications like code editors and web browsers to enhance the results of AI commands. Integrated with various applications, Lightrail alpha proposes code, navigates software, and creates files on behalf of the user.Contextual data extraction:Pull data from running applications like code editors and web browsers to enhance the results of AI commandsApplication interaction:Let AI commands interact with your applications by proposing code, navigating software, or creating filesExtensibility:Install Lightrail Tracks to add new commands and sources of context, or utilize the simple API to build your ownFree and open source:Lightrail alpha is available for free download on Linux and macOS;Free;;Desktop App
Lunchbreak AI;https://lunchbreak.ai/;AI Detector, Education, Writing;Lunchbreak AI assists students in writing essays with the help of advanced AI that aids in researching and ensuring content is plagiarism-free. It saves hours of work, generates professional content backed by research, and guarantees all content appears authored by the human user, not AI.AI-powered Essay Writing:Use AI to research and generate high-quality, plagiarism-free essays in secondsTopic & Source Generation:The AI provides accurate, well-researched sources and topics to give essays depth and credibilityAI Detection & Humanization: The sophisticated model trained on over 40,000 student essays guarantees the content is undetectable by AI and reads coherently as written by a humanInteractive Process:Users can enter their essay details such as the topic, type, and length, choose generated sources, and humanize the text to make sure it comes out personalized and unique;Free Trial;;
Metricool;https://metricool.com/ai-social-media-post-generator/;Social Media;Metricool is an AI social media management tool that helps overcome writer’s block by generating content ideas for various social networks. It offers an intuitive interface that allows users to quickly create content, even on days when creativity is low, by simply entering their needs and letting Metricool’s AI assistant do the writing.Content Generation:Overcomes writer’s block by providing AI-generated content ideas for all social networks.Professional Adaptation:Adapts text to match the tone and style of different social networks, catering to specific brand voices.Time-Saving Efficiency:Streamlines the content creation process, saving valuable hours and enhancing productivity.Engagement Boost:Crafts persuasive text designed to attract more interactions and increase social media engagement.;Freemium;;Browser Extension, Integrations/Plugins, Web
MindStudio;https://youai.ai/mindstudio;Business Assistant, Free AI Tools, Programming, Web & App Dev;MindStudio empowers users to create and monetize their AI applications without the need for coding expertise. Within a short 15-minute introduction, users can generate AI-driven tools ranging from content generators to enterprise applications and even bots, while also setting up payment methods for their created tools.Varied AI Capabilities:Develop tools such as content generators, utilities, enterprise apps, agents, characters, and botsMonetization Opportunities:Set up monthly subscription charges for users to access and use AI applications createdQuick and Easy Learning:Acquire the skills to create AI apps with a comprehensive 15-minute tutorialZero Coding Skills Needed:Seamlessly design and deploy AI applications without any coding background;Free Trial;;Web
MindStudio;https://youai.ai/mindstudio;Business Assistant, Free AI Tools, Programming, Web & App Dev;MindStudio empowers users to create and monetize their AI applications without the need for coding expertise. Within a short 15-minute introduction, users can generate AI-driven tools ranging from content generators to enterprise applications and even bots, while also setting up payment methods for their created tools.Varied AI Capabilities:Develop tools such as content generators, utilities, enterprise apps, agents, characters, and botsMonetization Opportunities:Set up monthly subscription charges for users to access and use AI applications createdQuick and Easy Learning:Acquire the skills to create AI apps with a comprehensive 15-minute tutorialZero Coding Skills Needed:Seamlessly design and deploy AI applications without any coding background;Free Trial;;Web
Nuelink - Social Media Management and Automation Tool;https://nuelink.com/;Social Media;Nuelink is a social media scheduling and automation tool that allows businesses to plan, automate and manage social media content, saving them time to concentrate on their core business. Users can schedule social media posts, automatically import and share social media content, organize posts into collections, and get detailed analytics of their social media performance.Social Media Scheduling:Offers an easy and quick solution to schedule months of social media content in minutesSocial Media Automation:Allows automatic import, sharing, and recycling of social media content from various sourcesSocial Media Management:Enables users to create their own social content, organize it into collections, and control its posting scheduleDetailed Analytics:Provides insightful analytics on social media performance, post history, and engagement growth to optimize social media strategies;Free Trial;;
Pacely;https://pacely.dev/;Programming;Pacely is a project management tool that utilizes AI to streamline software development processes and save teams time in communication, documentation, and development. With an AI assistant that understands your code, Pacely generates real-time documentation, facilitates team collaboration, and provides intelligent bug analysis, all accessible through Slack integration.AI-powered documentation:Pacely’s AI assistant provides real-time documentation and guidance, reducing the need for manual explanation of system behavior and enabling faster onboarding processesEfficient organization system:Use stacks to break down backlogs into smaller, prioritized clusters of stories, making it easy to identify and focus on the highest priority tasksFlexible sprint management:Set start and end dates for sprints, with the option to easily move unfinished stories to the next sprint or backlogSeamless integrations:Integrate with GitHub to track commits and pull requests, and use Slack to receive updates and notifications from Pacely;Waitlist;;Integrations/Plugins, Web
Pontus;https://www.pontus.so;AI Models, Data, Web & App Dev;Pontus is an AI tool that makes it easier to build AI models with privacy in mind. It allows users to measure and manage risk, while also providing the ability to move faster in the development process.Smart Anonymization:Automatically detect and anonymize protected information according to GDPR and CPRA without removing personalization capabilitiesRapid Liability Audit:Intuitive dashboard to automatically identify all associated data sent to LLM providers for rapid compliance verificationPrivacy-Aware Caching:Save on cost without sacrificing privacy by securely caching data and reducing reliance on external servicesRole-Based Access Controls:Control access to pertinent data while interacting with LLM providers through role-based access controls;Contact for Pricing;;Web
QR Diffusion;https://qrdiffusion.com/;Art & Image Generation, Fun, Graphic Design;QR Diffusion is an AI-powered platform that transforms ordinary QR codes into visually stunning artwork. With Stable Diffusion and ControlNet algorithms, users can customize the appearance of QR codes by adding artistic elements and features, making them visually appealing.AI-generated QR codes:Generate unique QR code designs by providing a text prompt and let the AI create visually appealing codes within seconds.Brand awareness:Transform your logo using artistic elements to increase brand awareness and make your QR codes stand out.Easy to use:Enjoy a minimal and clean user interface with easy, advanced, and expert UI selectors. The platform offers distilled options to ensure a smooth user experience.Templates and full control:Choose from pre-made templates or customize all relevant Stable Diffusion parameters, including using custom models.;Freemium;;API, Web
Real-Time Design By Collov;https://collov.ai/ai-realtime-design;Art & Image Generation, Graphic Design;Collov AI is revolutionizing interior design by creating visual inspirations and personalized room designs by leveraging AI. Users can discover decor style, shop products, and create photorealistic room visuals effortlessly.Visual Inspirations:AI generates style suggestions based on your preferences and latest trendsPersonalized Design:Tailored room designs through AI suggestions according to personal taste and budgetShop Products:Integrated shopping experience with product recommendations that match each created designPhotorealistic Visualization:Users can visualize the real-life application of the design with photo-realistic room visuals;Freemium;;
Rewin AI;https://rewin.ai/en;Digital Marketing, Emails, Social Media, Writing;Rewin AI lets you turn your video content into unique, engaging scripts and transform yourself into a content creation powerhouse.Easily extract text from videosCreate personalized scripts from YouTube and TikTok videos linksPerfect for business owners, content creators and marketersStop struggling with content creation.Rewin.ai is the secret to your content creation success.;Freemium;;
Rewin AI;https://rewin.ai/en;Digital Marketing, Emails, Social Media, Writing;Rewin AI lets you turn your video content into unique, engaging scripts and transform yourself into a content creation powerhouse.Easily extract text from videosCreate personalized scripts from YouTube and TikTok videos linksPerfect for business owners, content creators and marketersStop struggling with content creation.Rewin.ai is the secret to your content creation success.;Freemium;;
Seemless Link In Bio;https://seemless.link/join;Social Media;Seemless is a free link in bio that automatically switches to the style of your profile for a consistent look that guides your followers from social to site with zero disruption.Host all of your links in one place.Your seemless bio link detects where a click comes from, adapting to the style of your profile.Add your social links, and in minutes you’ll be ready to share your Seemless link and impress your followers!;Freemium;;
Smart Pineapple;https://www.smartpineapple.io;Digital Marketing, Emails, SEO, Travel, Writing;Smart Pineapple is an AI-driven marketing toolkit designed for vacation rentals, small hotels, and guest houses. The tool simplifies the marketing and content creation process, allowing users to create compelling content, manage booking channels, and deliver memorable guest experiences.AI-Infused Content Creation:Create engaging content for your website, social media, and booking services with AI-driven insightsBooking Channels:Generate unique property descriptions for your website and other listing platformsGuest Services:Utilize AI to enhance guest experiences, improve service, and boost revenueSeveral Capabilities:Use over 60 power tools including blog writer, property description writer, SEO keyword generator, and social media planning;Paid;;
Taskade;https://www.taskade.com/?via=aiscout;Notes, Organization, Productivity, Writing;Taskade AI is an all-in-one productivity tool that combines five powerful AI-powered features to supercharge team collaboration and efficiency. With Taskade AI, users can automate tasks, generate dynamic workflows, brainstorm in mind maps, chat with an AI assistant, and visualize notes and documents.Automate 700+ Tasks:Boost productivity by automating various tasks across marketing, sales, support, HR, startups, and agencies with the help of AI-powered chat bots, project assistants, and workflow automation.Generate Workflows:Spark creativity and streamline project management by generating dynamic to-do lists, flow charts, mind maps, org charts, and more. Visualize projects in different views like lists, boards, calendars, mind maps, org charts, and action views.Chat with AI:Bring projects to life with an AI assistant for brainstorming and task coordination. Chat with tasks, documents, and more within Taskade’s workspace.Visualize Notes:Embrace a smart outlining experience that mirrors the brain’s natural organization. Create infinite connections and levels of hierarchy in real-time sync.;Freemium;;Browser Extension, Desktop App, Mobile App
UBOS;https://ubos.ai;AI Models, Programming, Prompts, Web & App Dev;UBOS is a low/no-code platform that allows users to build and deploy AI-powered applications quickly and easily. With UBOS, users can integrate custom Large Language Models (LLMs), like ChatGPT, with over 1000 APIs to create their own solutions.AI Assistants & Agents:Seamlessly integrate APIs like Open AI and chain multiple LLMs and custom ML modelsAdmin Panels:Build custom admin panels, CRM, ERP infused with AI to effectively manage sales, documents, contracts, and moreAI Dashboards:Create dynamic dashboards that transform data into actionable insights and fuel innovation for your business using LLMsChatbots & Integrations:Easily create a chatbot to improve customer support using ChatGPT and Private Knowledge Base;Freemium;Paid Plans from $99/mo;
